Tarapacá,Iquique,	Iquique,	593,	203,	01101,	Arriendo_2014_2019,	Subsidio,Arriendo,2014-2019
Tarapacá,Iquique,	Alto,Hospicio,	291,	104,	01107,	Arriendo_2014_2019,	Subsidio,Arriendo,2014-2019
Tarapacá,Tamarugal,	Pozo,Almonte,	31,	10,	01401,	Arriendo_2014_2019,	Subsidio,Arriendo,2014-2019
Tarapacá,Tamarugal,	Camiña,	3,	0,	01402,	Arriendo_2014_2019,	Subsidio,Arriendo,2014-2019
Tarapacá,Tamarugal,	Colchane,	1,	1,	01403,	Arriendo_2014_2019,	Subsidio,Arriendo,2014-2019
Tarapacá,Tamarugal,	Huara,	4,	0,	01404,	Arriendo_2014_2019,	Subsidio,Arriendo,2014-2019
Tarapacá,Tamarugal,	Pica,	10,	5,	01405,	Arriendo_2014_2019,	Subsidio,Arriendo,2014-2019
Antofagasta,Antofagasta,	Antofagasta,	439,	185,	02101,	Arriendo_2014_2019,	Subsidio,Arriendo,2014-2019
Antofagasta,Antofagasta,	Mejillones,	5,	4,	02102,	Arriendo_2014_2019,	Subsidio,Arriendo,2014-2019
Antofagasta,Antofagasta,	Sierra,Gorda,	1,	0,	02103,	Arriendo_2014_2019,	Subsidio,Arriendo,2014-2019
Antofagasta,Antofagasta,	Taltal,	5,	1,	02104,	Arriendo_2014_2019,	Subsidio,Arriendo,2014-2019
Antofagasta,El Loa,	Calama,	139,	28,	02201,	Arriendo_2014_2019,	Subsidio,Arriendo,2014-2019
Antofagasta,El Loa,	Ollagüe,	0,	0,	02202,	Arriendo_2014_2019,	Subsidio,Arriendo,2014-2019
Antofagasta,El Loa,	San,Pedro,de,Atacama,	6,	1,	02203,	Arriendo_2014_2019,	Subsidio,Arriendo,2014-2019
Antofagasta,Tocopilla,	Tocopilla,	156,	60,	02301,	Arriendo_2014_2019,	Subsidio,Arriendo,2014-2019
Antofagasta,Tocopilla,	María,Elena,	0,	0,	02302,	Arriendo_2014_2019,	Subsidio,Arriendo,2014-2019
Atacama,Copiapó,Copiapó,	397,	177,	03101,	Arriendo_2014_2019,	Subsidio,Arriendo,2014-2019
Atacama,Copiapó,Caldera,	31,	16,	03102,	Arriendo_2014_2019,	Subsidio,Arriendo,2014-2019
Atacama,Copiapó,Tierra,Amarilla,	24,	10,	03103,	Arriendo_2014_2019,	Subsidio,Arriendo,2014-2019
Atacama,Chañaral,Chañaral,	7,	0,	03201,	Arriendo_2014_2019,	Subsidio,Arriendo,2014-2019
Atacama,Chañaral,Diego de Almagro,	10,	4,	03202,	Arriendo_2014_2019,	Subsidio,Arriendo,2014-2019
Atacama,Huasco,Vallenar,	106,	29,	03301,	Arriendo_2014_2019,	Subsidio,Arriendo,2014-2019
Atacama,Huasco,Alto,del,Carmen,	2,	1,	03302,	Arriendo_2014_2019,	Subsidio,Arriendo,2014-2019
Atacama,Huasco,Freirina,	7,	3,	03303,	Arriendo_2014_2019,	Subsidio,Arriendo,2014-2019
Atacama,Huasco,Huasco,	14,	4,	03304,	Arriendo_2014_2019,	Subsidio,Arriendo,2014-2019
Coquimbo,Elqui,La,Serena,	411,	191,	04101,	Arriendo_2014_2019,	Subsidio,Arriendo,2014-2019
Coquimbo,Elqui,Coquimbo,	537,	240,	04102,	Arriendo_2014_2019,	Subsidio,Arriendo,2014-2019
Coquimbo,Elqui,Andacollo,	17,	8,	04103,	Arriendo_2014_2019,	Subsidio,Arriendo,2014-2019
Coquimbo,Elqui,La Higuera,	4,	1,	04104,	Arriendo_2014_2019,	Subsidio,Arriendo,2014-2019
Coquimbo,Elqui,Paiguano,	3,	2,	04105,	Arriendo_2014_2019,	Subsidio,Arriendo,2014-2019
Coquimbo,Elqui,Vicuña,	62,	24,	04106,	Arriendo_2014_2019,	Subsidio,Arriendo,2014-2019
Coquimbo,Choapa,Illapel,	68,	24,	04201,	Arriendo_2014_2019,	Subsidio,Arriendo,2014-2019
Coquimbo,Choapa,Canela,	1,	1,	04202,	Arriendo_2014_2019,	Subsidio,Arriendo,2014-2019
Coquimbo,Choapa,Los,Vilos,	21,	8,	04203,	Arriendo_2014_2019,	Subsidio,Arriendo,2014-2019
Coquimbo,Choapa,Salamanca,	41,	10,	04204,	Arriendo_2014_2019,	Subsidio,Arriendo,2014-2019
Coquimbo,Limarí,Ovalle,	203,	86,	04301,	Arriendo_2014_2019,	Subsidio,Arriendo,2014-2019
Coquimbo,Limarí,Combarbalá,	30,	20,	04302,	Arriendo_2014_2019,	Subsidio,Arriendo,2014-2019
Coquimbo,Limarí,Monte Patria,	30,	9,	04303,	Arriendo_2014_2019,	Subsidio,Arriendo,2014-2019
Coquimbo,Limarí,Punitaqui,	16,	5,	04304,	Arriendo_2014_2019,	Subsidio,Arriendo,2014-2019
Coquimbo,Limarí,Río Hurtado,	4,	1,	04305,	Arriendo_2014_2019,	Subsidio,Arriendo,2014-2019
Valparaíso,Valparaíso,Valparaíso,	1221,	385,	05101,	Arriendo_2014_2019,	Subsidio,Arriendo,2014-2019
Valparaíso,Valparaíso,Casablanca,	78,	38,	05102,	Arriendo_2014_2019,	Subsidio,Arriendo,2014-2019
Valparaíso,Valparaíso,Juan Fernández,	0,	0,	05104,	Arriendo_2014_2019,	Subsidio,Arriendo,2014-2019
Valparaíso,Valparaíso,Puchuncaví,	50,	27,	05105,	Arriendo_2014_2019,	Subsidio,Arriendo,2014-2019
Valparaíso,Valparaíso,Quintero,	60,	25,	05107,	Arriendo_2014_2019,	Subsidio,Arriendo,2014-2019
Valparaíso,Isla de Pascua,Isla de Pascua,	0,	0,	05201,	Arriendo_2014_2019,	Subsidio,Arriendo,2014-2019
Valparaíso,Los Andes,Los Andes,	176,	100,	05301,	Arriendo_2014_2019,	Subsidio,Arriendo,2014-2019
Valparaíso,	Los Andes,Calle Larga,	32,	13,	05302,	Arriendo_2014_2019,	Subsidio,Arriendo,2014-2019
Valparaíso,	Los Andes,Rinconada,	29,	16,	05303,	Arriendo_2014_2019,	Subsidio,Arriendo,2014-2019
Valparaíso,	Los Andes,San Esteban,	36,	18,	05304,	Arriendo_2014_2019,	Subsidio,Arriendo,2014-2019
Valparaíso,	Petorca,La Ligua,	166,	96,	05401,	Arriendo_2014_2019,	Subsidio,Arriendo,2014-2019
Valparaíso,	Petorca,Cabildo,	71,	41,	05402,	Arriendo_2014_2019,	Subsidio,Arriendo,2014-2019
Valparaíso,	Petorca,Papudo,	22,	10,	05403,	Arriendo_2014_2019,	Subsidio,Arriendo,2014-2019
Valparaíso,	Petorca,Petorca,	19,	10,	05404,	Arriendo_2014_2019,	Subsidio,Arriendo,2014-2019
Valparaíso,	Petorca,Zapallar,	18,	7,	05405,	Arriendo_2014_2019,	Subsidio,Arriendo,2014-2019
Valparaíso,	Quillota,Calera,	186,	81,	05502,	Arriendo_2014_2019,	Subsidio,Arriendo,2014-2019
Valparaíso,	Quillota,Hijuelas,	51,	29,	05503,	Arriendo_2014_2019,	Subsidio,Arriendo,2014-2019
Valparaíso,	Quillota,La Cruz,	70,	30,	05504,	Arriendo_2014_2019,	Subsidio,Arriendo,2014-2019
Valparaíso,	Quillota,Nogales,	33,	12,	05506,	Arriendo_2014_2019,	Subsidio,Arriendo,2014-2019
Valparaíso,	San Antonio,San,Antonio,	336,	110,	05601,	Arriendo_2014_2019,	Subsidio,Arriendo,2014-2019
Valparaíso,	San Antonio,Algarrobo,	25,	11,	05602,	Arriendo_2014_2019,	Subsidio,Arriendo,2014-2019
Valparaíso,	San Antonio,Cartagena,	39,	9,	05603,	Arriendo_2014_2019,	Subsidio,Arriendo,2014-2019
Valparaíso,	San Antonio,El,Quisco,	40,	13,	05604,	Arriendo_2014_2019,	Subsidio,Arriendo,2014-2019
Valparaíso,	San Antonio,El,Tabo,	28,	11,	05605,	Arriendo_2014_2019,	Subsidio,Arriendo,2014-2019
Valparaíso,	San Antonio,Santo,Domingo,	24,	11,	05606,	Arriendo_2014_2019,	Subsidio,Arriendo,2014-2019
Valparaíso,	San Felipe de Aconcagua,	San,Felipe,	326,	187,	05701,	Arriendo_2014_2019,	Subsidio,Arriendo,2014-2019
Valparaíso,	San Felipe de Aconcagua,	Catemu,	34,	19,	05702,	Arriendo_2014_2019,	Subsidio,Arriendo,2014-2019
Valparaíso,	San Felipe de Aconcagua,	Llaillay,	70,	36,	05703,	Arriendo_2014_2019,	Subsidio,Arriendo,2014-2019
Valparaíso,	San Felipe de Aconcagua,	Panquehue,	13,	7,	05704,	Arriendo_2014_2019,	Subsidio,Arriendo,2014-2019
Valparaíso,	San,Felipe de Aconcagua,	Putaendo,	40,	21,	05705,	Arriendo_2014_2019,	Subsidio,Arriendo,2014-2019
Valparaíso,	San,Felipe de Aconcagua,	Santa,María,	46,	24,	05706,	Arriendo_2014_2019,	Subsidio,Arriendo,2014-2019
Valparaíso,	Marga,Marga,	Quilpué,	482,	178,	05801,	Arriendo_2014_2019,	Subsidio,Arriendo,2014-2019
Valparaíso,	Marga,Marga,	Olmué,	18,	6,	05803,	Arriendo_2014_2019,	Subsidio,Arriendo,2014-2019
Libertador,General,Bernardo,O'Higgins,	Cachapoal,	Rancagua,	1083,	603,	06101,	Arriendo_2014_2019,	Subsidio,Arriendo,2014-2019
Libertador,General,Bernardo,O'Higgins,	Cachapoal,	Codegua,	17,	8,	06102,	Arriendo_2014_2019,	Subsidio,Arriendo,2014-2019
Libertador,General,Bernardo,O'Higgins,	Cachapoal,	Coinco,	8,	5,	06103,	Arriendo_2014_2019,	Subsidio,Arriendo,2014-2019
Libertador,General,Bernardo,O'Higgins,	Cachapoal,	Coltauco,	39,	15,	06104,	Arriendo_2014_2019,	Subsidio,Arriendo,2014-2019
Libertador,General,Bernardo,O'Higgins,	Cachapoal,	Doñihue,	50,	18,	06105,	Arriendo_2014_2019,	Subsidio,Arriendo,2014-2019
Libertador,General,Bernardo,O'Higgins,	Cachapoal,	Graneros,	80,	37,	06106,	Arriendo_2014_2019,	Subsidio,Arriendo,2014-2019
Libertador,General,Bernardo,O'Higgins,	Cachapoal,	Las,Cabras,	44,	13,	06107,	Arriendo_2014_2019,	Subsidio,Arriendo,2014-2019
Libertador,General,Bernardo,O'Higgins,	Cachapoal,	Machalí,	148,	55,	06108,	Arriendo_2014_2019,	Subsidio,Arriendo,2014-2019
Libertador,General,Bernardo,O'Higgins,	Cachapoal,	Malloa,	27,	12,	06109,	Arriendo_2014_2019,	Subsidio,Arriendo,2014-2019
Libertador,General,Bernardo,O'Higgins,	Cachapoal,	Mostazal,	48,	22,	06110,	Arriendo_2014_2019,	Subsidio,Arriendo,2014-2019
Libertador,General,Bernardo,O'Higgins,	Cachapoal,	Olivar,	26,	7,	06111,	Arriendo_2014_2019,	Subsidio,Arriendo,2014-2019
Libertador,General,Bernardo,O'Higgins,	Cachapoal,	Peumo,	53,	25,	06112,	Arriendo_2014_2019,	Subsidio,Arriendo,2014-2019
Libertador,General,Bernardo,O'Higgins,	Cachapoal,	Pichidegua,	31,	11,	06113,	Arriendo_2014_2019,	Subsidio,Arriendo,2014-2019
Libertador,General,Bernardo,O'Higgins,	Cachapoal,	Quinta,de,Tilcoco,	28,	11,	06114,	Arriendo_2014_2019,	Subsidio,Arriendo,2014-2019
Libertador,General,Bernardo,O'Higgins,	Cachapoal,	Rengo,	222,	110,	06115,	Arriendo_2014_2019,	Subsidio,Arriendo,2014-2019
Libertador,General,Bernardo,O'Higgins,	Cachapoal,	Requínoa,	41,	8,	06116,	Arriendo_2014_2019,	Subsidio,Arriendo,2014-2019
Libertador,General,Bernardo,O'Higgins,	Cachapoal,	San,Vicente,	120,	55,	06117,	Arriendo_2014_2019,	Subsidio,Arriendo,2014-2019
Libertador,General,Bernardo,O'Higgins,	Cardenal,Caro,	Pichilemu,	59,	18,	06201,	Arriendo_2014_2019,	Subsidio,Arriendo,2014-2019
Libertador,General,Bernardo,O'Higgins,	Cardenal,Caro,	La,Estrella,	10,	4,	06202,	Arriendo_2014_2019,	Subsidio,Arriendo,2014-2019
Libertador,General,Bernardo,O'Higgins,	Cardenal,Caro,	Litueche,	18,	8,	06203,	Arriendo_2014_2019,	Subsidio,Arriendo,2014-2019
Libertador,General,Bernardo,O'Higgins,	Cardenal,Caro,	Marchihue,	36,	16,	06204,	Arriendo_2014_2019,	Subsidio,Arriendo,2014-2019
Libertador,General,Bernardo,O'Higgins,	Cardenal,Caro,	Navidad,	2,	0,	06205,	Arriendo_2014_2019,	Subsidio,Arriendo,2014-2019
Libertador,General,Bernardo,O'Higgins,	Cardenal,Caro,	Paredones,	4,	3,	06206,	Arriendo_2014_2019,	Subsidio,Arriendo,2014-2019
Libertador,General,Bernardo,O'Higgins,	Colchagua,	San,Fernando,	393,	205,	06301,	Arriendo_2014_2019,	Subsidio,Arriendo,2014-2019
Libertador,General,Bernardo,O'Higgins,	Colchagua,	Chépica,	31,	17,	06302,	Arriendo_2014_2019,	Subsidio,Arriendo,2014-2019
Libertador,General,Bernardo,O'Higgins,	Colchagua,	Chimbarongo,	78,	37,	06303,	Arriendo_2014_2019,	Subsidio,Arriendo,2014-2019
Libertador,General,Bernardo,O'Higgins,	Colchagua,	Lolol,	13,	5,	06304,	Arriendo_2014_2019,	Subsidio,Arriendo,2014-2019
Libertador,General,Bernardo,O'Higgins,	Colchagua,	Nancagua,	70,	38,	06305,	Arriendo_2014_2019,	Subsidio,Arriendo,2014-2019
Libertador,General,Bernardo,O'Higgins,	Colchagua,	Palmilla,	32,	14,	06306,	Arriendo_2014_2019,	Subsidio,Arriendo,2014-2019
Libertador,General,Bernardo,O'Higgins,	Colchagua,	Peralillo,	34,	21,	06307,	Arriendo_2014_2019,	Subsidio,Arriendo,2014-2019
Libertador,General,Bernardo,O'Higgins,	Colchagua,	Placilla,	32,	14,	06308,	Arriendo_2014_2019,	Subsidio,Arriendo,2014-2019
Libertador,General,Bernardo,O'Higgins,	Colchagua,	Pumanque,	9,	2,	06309,	Arriendo_2014_2019,	Subsidio,Arriendo,2014-2019
Libertador,General,Bernardo,O'Higgins,	Colchagua,	Santa,Cruz,	176,	87,	06310,	Arriendo_2014_2019,	Subsidio,Arriendo,2014-2019
Maule,	Talca,	Talca,	766,	462,	07101,	Arriendo_2014_2019,	Subsidio,Arriendo,2014-2019
Maule,	Talca,	Constitución,	227,	136,	07102,	Arriendo_2014_2019,	Subsidio,Arriendo,2014-2019
Maule,	Talca,	Curepto,	22,	11,	07103,	Arriendo_2014_2019,	Subsidio,Arriendo,2014-2019
Maule,	Talca,	Empedrado,	18,	11,	07104,	Arriendo_2014_2019,	Subsidio,Arriendo,2014-2019
Maule,	Talca,	Maule,	201,	111,	07105,	Arriendo_2014_2019,	Subsidio,Arriendo,2014-2019
Maule,	Talca,	Pelarco,	10,	4,	07106,	Arriendo_2014_2019,	Subsidio,Arriendo,2014-2019
Maule,	Talca,	Pencahue,	22,	11,	07107,	Arriendo_2014_2019,	Subsidio,Arriendo,2014-2019
Maule,	Talca,	Río,Claro,	12,	2,	07108,	Arriendo_2014_2019,	Subsidio,Arriendo,2014-2019
Maule,	Talca,	San,Clemente,	81,	52,	07109,	Arriendo_2014_2019,	Subsidio,Arriendo,2014-2019
Maule,	Talca,	San,Rafael,	15,	6,	07110,	Arriendo_2014_2019,	Subsidio,Arriendo,2014-2019
Maule,	Cauquenes,	Cauquenes,	181,	118,	07201,	Arriendo_2014_2019,	Subsidio,Arriendo,2014-2019
Maule,	Cauquenes,	Chanco,	10,	7,	07202,	Arriendo_2014_2019,	Subsidio,Arriendo,2014-2019
Maule,	Cauquenes,	Pelluhue,	7,	4,	07203,	Arriendo_2014_2019,	Subsidio,Arriendo,2014-2019
Maule,	Curicó,	Curicó,	487,	241,	07301,	Arriendo_2014_2019,	Subsidio,Arriendo,2014-2019
Maule,	Curicó,	Hualañé,	23,	14,	07302,	Arriendo_2014_2019,	Subsidio,Arriendo,2014-2019
Maule,	Curicó,	Licantén,	22,	12,	07303,	Arriendo_2014_2019,	Subsidio,Arriendo,2014-2019
Maule,	Curicó,	Molina,	78,	40,	07304,	Arriendo_2014_2019,	Subsidio,Arriendo,2014-2019
Maule,	Curicó,	Rauco,	14,	9,	07305,	Arriendo_2014_2019,	Subsidio,Arriendo,2014-2019
Maule,	Curicó,	Romeral,	40,	22,	07306,	Arriendo_2014_2019,	Subsidio,Arriendo,2014-2019
Maule,	Curicó,	Sagrada,Familia,	26,	12,	07307,	Arriendo_2014_2019,	Subsidio,Arriendo,2014-2019
Maule,	Curicó,	Teno,	56,	34,	07308,	Arriendo_2014_2019,	Subsidio,Arriendo,2014-2019
Maule,	Curicó,	Vichuquén,	4,	3,	07309,	Arriendo_2014_2019,	Subsidio,Arriendo,2014-2019
Maule,	Linares,	Linares,	528,	302,	07401,	Arriendo_2014_2019,	Subsidio,Arriendo,2014-2019
Maule,	Linares,	Colbún,	30,	9,	07402,	Arriendo_2014_2019,	Subsidio,Arriendo,2014-2019
Maule,	Linares,	Longaví,	35,	16,	07403,	Arriendo_2014_2019,	Subsidio,Arriendo,2014-2019
Maule,	Linares,	Parral,	109,	65,	07404,	Arriendo_2014_2019,	Subsidio,Arriendo,2014-2019
Maule,	Linares,	Retiro,	15,	10,	07405,	Arriendo_2014_2019,	Subsidio,Arriendo,2014-2019
Maule,	Linares,	San,Javier,	52,	31,	07406,	Arriendo_2014_2019,	Subsidio,Arriendo,2014-2019
Maule,	Linares,	Villa,Alegre,	19,	13,	07407,	Arriendo_2014_2019,	Subsidio,Arriendo,2014-2019
Maule,	Linares,	Yerbas,Buenas,	31,	17,	07408,	Arriendo_2014_2019,	Subsidio,Arriendo,2014-2019
Biobío,	Concepción,	Coronel,	51,	27,	08102,	Arriendo_2014_2019,	Subsidio,Arriendo,2014-2019
Biobío,	Concepción,	Florida,	25,	13,	08104,	Arriendo_2014_2019,	Subsidio,Arriendo,2014-2019
Biobío,	Concepción,	Lota,	23,	15,	08106,	Arriendo_2014_2019,	Subsidio,Arriendo,2014-2019
Biobío,	Concepción,	Santa,Juana,	68,	36,	08109,	Arriendo_2014_2019,	Subsidio,Arriendo,2014-2019
Biobío,	Concepción,	Talcahuano,	13,	3,	08110,	Arriendo_2014_2019,	Subsidio,Arriendo,2014-2019
Biobío,	Arauco,	Lebu,	14,	8,	08201,	Arriendo_2014_2019,	Subsidio,Arriendo,2014-2019
Biobío,	Arauco,	Arauco,	9,	7,	08202,	Arriendo_2014_2019,	Subsidio,Arriendo,2014-2019
Biobío,	Arauco,	Cañete,	10,	5,	08203,	Arriendo_2014_2019,	Subsidio,Arriendo,2014-2019
Biobío,	Arauco,	Contulmo,	13,	6,	08204,	Arriendo_2014_2019,	Subsidio,Arriendo,2014-2019
Biobío,	Arauco,	Curanilahue,	161,	96,	08205,	Arriendo_2014_2019,	Subsidio,Arriendo,2014-2019
Biobío,	Arauco,	Los,Alamos,	48,	25,	08206,	Arriendo_2014_2019,	Subsidio,Arriendo,2014-2019
Biobío,	Arauco,	Tirúa,	13,	9,	08207,	Arriendo_2014_2019,	Subsidio,Arriendo,2014-2019
Biobío,	Biobío,	Los,Angeles,	11,	5,	08301,	Arriendo_2014_2019,	Subsidio,Arriendo,2014-2019
Biobío,	Biobío,	Antuco,	27,	17,	08302,	Arriendo_2014_2019,	Subsidio,Arriendo,2014-2019
Biobío,	Biobío,	Cabrero,	730,	293,	08303,	Arriendo_2014_2019,	Subsidio,Arriendo,2014-2019
Biobío,	Biobío,	Laja,	305,	153,	08304,	Arriendo_2014_2019,	Subsidio,Arriendo,2014-2019
Biobío,	Biobío,	Mulchén,	359,	156,	08305,	Arriendo_2014_2019,	Subsidio,Arriendo,2014-2019
Biobío,	Biobío,	Nacimiento,	25,	8,	08306,	Arriendo_2014_2019,	Subsidio,Arriendo,2014-2019
Biobío,	Biobío,	Negrete,	90,	41,	08307,	Arriendo_2014_2019,	Subsidio,Arriendo,2014-2019
Biobío,	Biobío,	Quilaco,	135,	51,	08308,	Arriendo_2014_2019,	Subsidio,Arriendo,2014-2019
Biobío,	Biobío,	Quilleco,	192,	73,	08309,	Arriendo_2014_2019,	Subsidio,Arriendo,2014-2019
Biobío,	Biobío,	San,Rosendo,	356,	181,	08310,	Arriendo_2014_2019,	Subsidio,Arriendo,2014-2019
Biobío,	Biobío,	Santa,Bárbara,	27,	15,	08311,	Arriendo_2014_2019,	Subsidio,Arriendo,2014-2019
Biobío,	Biobío,	Tucapel,	693,	253,	08312,	Arriendo_2014_2019,	Subsidio,Arriendo,2014-2019
Biobío,	Biobío,	Yumbel,	174,	85,	08313,	Arriendo_2014_2019,	Subsidio,Arriendo,2014-2019
Biobío,	Biobío,	Alto,Biobío,	541,	262,	08314,	Arriendo_2014_2019,	Subsidio,Arriendo,2014-2019
La,Araucanía,	Cautín,	Temuco,	1423,	724,	09101,	Arriendo_2014_2019,	Subsidio,Arriendo,2014-2019
La,Araucanía,	Cautín,	Carahue,	82,	41,	09102,	Arriendo_2014_2019,	Subsidio,Arriendo,2014-2019
La,Araucanía,	Cautín,	Cunco,	40,	24,	09103,	Arriendo_2014_2019,	Subsidio,Arriendo,2014-2019
La,Araucanía,	Cautín,	Curarrehue,	26,	12,	09104,	Arriendo_2014_2019,	Subsidio,Arriendo,2014-2019
La,Araucanía,	Cautín,	Freire,	56,	25,	09105,	Arriendo_2014_2019,	Subsidio,Arriendo,2014-2019
La,Araucanía,	Cautín,	Galvarino,	20,	8,	09106,	Arriendo_2014_2019,	Subsidio,Arriendo,2014-2019
La,Araucanía,	Cautín,	Gorbea,	67,	27,	09107,	Arriendo_2014_2019,	Subsidio,Arriendo,2014-2019
La,Araucanía,	Cautín,	Lautaro,	140,	71,	09108,	Arriendo_2014_2019,	Subsidio,Arriendo,2014-2019
La,Araucanía,	Cautín,	Loncoche,	75,	32,	09109,	Arriendo_2014_2019,	Subsidio,Arriendo,2014-2019
La,Araucanía,	Cautín,	Melipeuco,	50,	32,	09110,	Arriendo_2014_2019,	Subsidio,Arriendo,2014-2019
La,Araucanía,	Cautín,	Nueva,Imperial,	243,	121,	09111,	Arriendo_2014_2019,	Subsidio,Arriendo,2014-2019
La,Araucanía,	Cautín,	Padre,Las,Casas,	290,	144,	09112,	Arriendo_2014_2019,	Subsidio,Arriendo,2014-2019
La,Araucanía,	Cautín,	Perquenco,	27,	11,	09113,	Arriendo_2014_2019,	Subsidio,Arriendo,2014-2019
La,Araucanía,	Cautín,	Pitrufquén,	62,	21,	09114,	Arriendo_2014_2019,	Subsidio,Arriendo,2014-2019
La,Araucanía,	Cautín,	Pucón,	128,	44,	09115,	Arriendo_2014_2019,	Subsidio,Arriendo,2014-2019
La,Araucanía,	Cautín,	Saavedra,	38,	26,	09116,	Arriendo_2014_2019,	Subsidio,Arriendo,2014-2019
La,Araucanía,	Cautín,	Teodoro,Schmidt,	43,	16,	09117,	Arriendo_2014_2019,	Subsidio,Arriendo,2014-2019
La,Araucanía,	Cautín,	Toltén,	28,	16,	09118,	Arriendo_2014_2019,	Subsidio,Arriendo,2014-2019
La,Araucanía,	Cautín,	Vilcún,	77,	49,	09119,	Arriendo_2014_2019,	Subsidio,Arriendo,2014-2019
La,Araucanía,	Cautín,	Villarrica,	254,	103,	09120,	Arriendo_2014_2019,	Subsidio,Arriendo,2014-2019
La,Araucanía,	Cautín,	Cholchol,	37,	15,	09121,	Arriendo_2014_2019,	Subsidio,Arriendo,2014-2019
La,Araucanía,	Malleco,	Angol,	273,	157,	09201,	Arriendo_2014_2019,	Subsidio,Arriendo,2014-2019
La,Araucanía,	Malleco,	Collipulli,	79,	32,	09202,	Arriendo_2014_2019,	Subsidio,Arriendo,2014-2019
La,Araucanía,	Malleco,	Curacautín,	50,	26,	09203,	Arriendo_2014_2019,	Subsidio,Arriendo,2014-2019
La,Araucanía,	Malleco,	Ercilla,	10,	6,	09204,	Arriendo_2014_2019,	Subsidio,Arriendo,2014-2019
La,Araucanía,	Malleco,	Lonquimay,	25,	15,	09205,	Arriendo_2014_2019,	Subsidio,Arriendo,2014-2019
La,Araucanía,	Malleco,	Los,Sauces,	24,	17,	09206,	Arriendo_2014_2019,	Subsidio,Arriendo,2014-2019
La,Araucanía,	Malleco,	Lumaco,	17,	5,	09207,	Arriendo_2014_2019,	Subsidio,Arriendo,2014-2019
La,Araucanía,	Malleco,	Purén,	59,	36,	09208,	Arriendo_2014_2019,	Subsidio,Arriendo,2014-2019
La,Araucanía,	Malleco,	Renaico,	26,	12,	09209,	Arriendo_2014_2019,	Subsidio,Arriendo,2014-2019
La,Araucanía,	Malleco,	Traiguén,	64,	28,	09210,	Arriendo_2014_2019,	Subsidio,Arriendo,2014-2019
La,Araucanía,	Malleco,	Victoria,	105,	60,	09211,	Arriendo_2014_2019,	Subsidio,Arriendo,2014-2019
Los,Lagos,	Llanquihue,	Puerto,Montt,	1087,	415,	10101,	Arriendo_2014_2019,	Subsidio,Arriendo,2014-2019
Los,Lagos,	Llanquihue,	Calbuco,	71,	23,	10102,	Arriendo_2014_2019,	Subsidio,Arriendo,2014-2019
Los,Lagos,	Llanquihue,	Cochamó,	9,	1,	10103,	Arriendo_2014_2019,	Subsidio,Arriendo,2014-2019
Los,Lagos,	Llanquihue,	Fresia,	18,	10,	10104,	Arriendo_2014_2019,	Subsidio,Arriendo,2014-2019
Los,Lagos,	Llanquihue,	Frutillar,	46,	12,	10105,	Arriendo_2014_2019,	Subsidio,Arriendo,2014-2019
Los,Lagos,	Llanquihue,	Los,Muermos,	44,	18,	10106,	Arriendo_2014_2019,	Subsidio,Arriendo,2014-2019
Los,Lagos,	Llanquihue,	Llanquihue,	47,	12,	10107,	Arriendo_2014_2019,	Subsidio,Arriendo,2014-2019
Los,Lagos,	Llanquihue,	Maullín,	30,	11,	10108,	Arriendo_2014_2019,	Subsidio,Arriendo,2014-2019
Los,Lagos,	Llanquihue,	Puerto,Varas,	63,	16,	10109,	Arriendo_2014_2019,	Subsidio,Arriendo,2014-2019
Los,Lagos,	Chiloé,	Castro,	364,	185,	10201,	Arriendo_2014_2019,	Subsidio,Arriendo,2014-2019
Los,Lagos,	Chiloé,	Ancud,	239,	136,	10202,	Arriendo_2014_2019,	Subsidio,Arriendo,2014-2019
Los,Lagos,	Chiloé,	Chonchi,	72,	21,	10203,	Arriendo_2014_2019,	Subsidio,Arriendo,2014-2019
Los,Lagos,	Chiloé,	Curaco,de,Vélez,	5,	2,	10204,	Arriendo_2014_2019,	Subsidio,Arriendo,2014-2019
Los,Lagos,	Chiloé,	Dalcahue,	120,	41,	10205,	Arriendo_2014_2019,	Subsidio,Arriendo,2014-2019
Los,Lagos,	Chiloé,	Puqueldón,	6,	2,	10206,	Arriendo_2014_2019,	Subsidio,Arriendo,2014-2019
Los,Lagos,	Chiloé,	Queilén,	16,	8,	10207,	Arriendo_2014_2019,	Subsidio,Arriendo,2014-2019
Los,Lagos,	Chiloé,	Quellón,	106,	40,	10208,	Arriendo_2014_2019,	Subsidio,Arriendo,2014-2019
Los,Lagos,	Chiloé,	Quemchi,	45,	26,	10209,	Arriendo_2014_2019,	Subsidio,Arriendo,2014-2019
Los,Lagos,	Chiloé,	Quinchao,	22,	12,	10210,	Arriendo_2014_2019,	Subsidio,Arriendo,2014-2019
Los,Lagos,	Osorno,	Osorno,	599,	209,	10301,	Arriendo_2014_2019,	Subsidio,Arriendo,2014-2019
Los,Lagos,	Osorno,	Puerto,Octay,	29,	9,	10302,	Arriendo_2014_2019,	Subsidio,Arriendo,2014-2019
Los,Lagos,	Osorno,	Purranque,	48,	16,	10303,	Arriendo_2014_2019,	Subsidio,Arriendo,2014-2019
Los,Lagos,	Osorno,	Puyehue,	24,	6,	10304,	Arriendo_2014_2019,	Subsidio,Arriendo,2014-2019
Los,Lagos,	Osorno,	Río,Negro,	43,	18,	10305,	Arriendo_2014_2019,	Subsidio,Arriendo,2014-2019
Los,Lagos,	Osorno,	San,Juan,de,la,Costa,	6,	3,	10306,	Arriendo_2014_2019,	Subsidio,Arriendo,2014-2019
Los,Lagos,	Osorno,	San,Pablo,	27,	12,	10307,	Arriendo_2014_2019,	Subsidio,Arriendo,2014-2019
Los,Lagos,	Palena,	Chaitén,	3,	1,	10401,	Arriendo_2014_2019,	Subsidio,Arriendo,2014-2019
Los,Lagos,	Palena,	Futaleufú,	6,	4,	10402,	Arriendo_2014_2019,	Subsidio,Arriendo,2014-2019
Los,Lagos,	Palena,	Hualaihué,	24,	7,	10403,	Arriendo_2014_2019,	Subsidio,Arriendo,2014-2019
Los,Lagos,	Palena,	Palena,	4,	1,	10404,	Arriendo_2014_2019,	Subsidio,Arriendo,2014-2019
Aysén,del,General,Carlos,Ibáñez,del,Campo,	Coihaique,	Coihaique,	236,	82,	11101,	Arriendo_2014_2019,	Subsidio,Arriendo,2014-2019
Aysén,del,General,Carlos,Ibáñez,del,Campo,	Coihaique,	Lago,Verde,	3,	3,	11102,	Arriendo_2014_2019,	Subsidio,Arriendo,2014-2019
Aysén,del,General,Carlos,Ibáñez,del,Campo,	Aisén,	Aisén,	135,	54,	11201,	Arriendo_2014_2019,	Subsidio,Arriendo,2014-2019
Aysén,del,General,Carlos,Ibáñez,del,Campo,	Aisén,	Cisnes,	25,	9,	11202,	Arriendo_2014_2019,	Subsidio,Arriendo,2014-2019
Aysén,del,General,Carlos,Ibáñez,del,Campo,	Aisén,	Guaitecas,	1,	1,	11203,	Arriendo_2014_2019,	Subsidio,Arriendo,2014-2019
Aysén,del,General,Carlos,Ibáñez,del,Campo,	Capitán,Prat,	Cochrane,	8,	1,	11301,	Arriendo_2014_2019,	Subsidio,Arriendo,2014-2019
Aysén,del,General,Carlos,Ibáñez,del,Campo,	Capitán,Prat,	O'Higgins,	1,	0,	11302,	Arriendo_2014_2019,	Subsidio,Arriendo,2014-2019
Aysén,del,General,Carlos,Ibáñez,del,Campo,	Capitán,Prat,	Tortel,	0,	0,	11303,	Arriendo_2014_2019,	Subsidio,Arriendo,2014-2019
Aysén,del,General,Carlos,Ibáñez,del,Campo,	General,Carrera,	Chile,Chico,	21,	12,	11401,	Arriendo_2014_2019,	Subsidio,Arriendo,2014-2019
Aysén,del,General,Carlos,Ibáñez,del,Campo,	General,Carrera,	Río,Ibáñez,	4,	1,	11402,	Arriendo_2014_2019,	Subsidio,Arriendo,2014-2019
Magallanes,y,de,la,Antártica,Chilena,	Magallanes,	Punta,Arenas,	202,	46,	12101,	Arriendo_2014_2019,	Subsidio,Arriendo,2014-2019
Magallanes,y,de,la,Antártica,Chilena,	Magallanes,	Laguna,Blanca,	0,	0,	12102,	Arriendo_2014_2019,	Subsidio,Arriendo,2014-2019
Magallanes,y,de,la,Antártica,Chilena,	Magallanes,	San,Gregorio,	0,	0,	12104,	Arriendo_2014_2019,	Subsidio,Arriendo,2014-2019
Magallanes,y,de,la,Antártica,Chilena,	Antártica,Chilena,	Cabo,de,Hornos,	1,	1,	12201,	Arriendo_2014_2019,	Subsidio,Arriendo,2014-2019
Magallanes,y,de,la,Antártica,Chilena,	Tierra,del,Fuego,	Porvenir,	11,	1,	12301,	Arriendo_2014_2019,	Subsidio,Arriendo,2014-2019
Magallanes,y,de,la,Antártica,Chilena,	Tierra,del,Fuego,	Primavera,	0,	0,	12302,	Arriendo_2014_2019,	Subsidio,Arriendo,2014-2019
Magallanes,y,de,la,Antártica,Chilena,	Tierra,del,Fuego,	Timaukel,	0,	0,	12303,	Arriendo_2014_2019,	Subsidio,Arriendo,2014-2019
Magallanes,y,de,la,Antártica,Chilena,	Última,Esperanza,	Natales,	64,	13,	12401,	Arriendo_2014_2019,	Subsidio,Arriendo,2014-2019
Magallanes,y,de,la,Antártica,Chilena,	Última,Esperanza,	Torres,del,Paine,	1,	0,	12402,	Arriendo_2014_2019,	Subsidio,Arriendo,2014-2019
Metropolitana,de,Santiago,	Santiago,	Lo,Barnechea,	60,	8,	13115,	Arriendo_2014_2019,	Subsidio,Arriendo,2014-2019
Metropolitana,de,Santiago,	Cordillera,	Pirque,	20,	5,	13202,	Arriendo_2014_2019,	Subsidio,Arriendo,2014-2019
Metropolitana,de,Santiago,	Cordillera,	San,José,de,Maipo,	16,	6,	13203,	Arriendo_2014_2019,	Subsidio,Arriendo,2014-2019
Metropolitana,de,Santiago,	Maipo,	Paine,	79,	27,	13404,	Arriendo_2014_2019,	Subsidio,Arriendo,2014-2019
Metropolitana,de,Santiago,	Melipilla,	Melipilla,	236,	86,	13501,	Arriendo_2014_2019,	Subsidio,Arriendo,2014-2019
Metropolitana,de,Santiago,	Melipilla,	Alhué,	6,	1,	13502,	Arriendo_2014_2019,	Subsidio,Arriendo,2014-2019
Metropolitana,de,Santiago,	Melipilla,	Curacaví,	75,	29,	13503,	Arriendo_2014_2019,	Subsidio,Arriendo,2014-2019
Metropolitana,de,Santiago,	Melipilla,	María,Pinto,	15,	0,	13504,	Arriendo_2014_2019,	Subsidio,Arriendo,2014-2019
Metropolitana,de,Santiago,	Melipilla,	San,Pedro,	5,	1,	13505,	Arriendo_2014_2019,	Subsidio,Arriendo,2014-2019
Metropolitana,de,Santiago,	Talagante,	Isla,de,Maipo,	43,	7,	13603,	Arriendo_2014_2019,	Subsidio,Arriendo,2014-2019
Los,Ríos,	Valdivia,	Valdivia,	680,	273,	14101,	Arriendo_2014_2019,	Subsidio,Arriendo,2014-2019
Los,Ríos,	Valdivia,	Corral,	4,	1,	14102,	Arriendo_2014_2019,	Subsidio,Arriendo,2014-2019
Los,Ríos,	Valdivia,	Lanco,	56,	28,	14103,	Arriendo_2014_2019,	Subsidio,Arriendo,2014-2019
Los,Ríos,	Valdivia,	Los,Lagos,	47,	17,	14104,	Arriendo_2014_2019,	Subsidio,Arriendo,2014-2019
Los,Ríos,	Valdivia,	Máfil,	16,	6,	14105,	Arriendo_2014_2019,	Subsidio,Arriendo,2014-2019
Los,Ríos,	Valdivia,	Mariquina,	64,	25,	14106,	Arriendo_2014_2019,	Subsidio,Arriendo,2014-2019
Los,Ríos,	Valdivia,	Paillaco,	80,	20,	14107,	Arriendo_2014_2019,	Subsidio,Arriendo,2014-2019
Los,Ríos,	Valdivia,	Panguipulli,	68,	24,	14108,	Arriendo_2014_2019,	Subsidio,Arriendo,2014-2019
Los,Ríos,	Ranco,	La,Unión,	210,	79,	14201,	Arriendo_2014_2019,	Subsidio,Arriendo,2014-2019
Los,Ríos,	Ranco,	Futrono,	27,	9,	14202,	Arriendo_2014_2019,	Subsidio,Arriendo,2014-2019
Los,Ríos,	Ranco,	Lago,Ranco,	19,	6,	14203,	Arriendo_2014_2019,	Subsidio,Arriendo,2014-2019
Los,Ríos,	Ranco,	Río,Bueno,	87,	36,	14204,	Arriendo_2014_2019,	Subsidio,Arriendo,2014-2019
Arica,y,Parinacota,	Arica,	Arica,	607,	187,	15101,	Arriendo_2014_2019,	Subsidio,Arriendo,2014-2019
Arica,y,Parinacota,	Arica,	Camarones,	1,	0,	15102,	Arriendo_2014_2019,	Subsidio,Arriendo,2014-2019
Arica,y,Parinacota,	Parinacota,	Putre,	2,	0,	15201,	Arriendo_2014_2019,	Subsidio,Arriendo,2014-2019
Arica,y,Parinacota,	Parinacota,	General,Lagos,	0,	0,	15202,	Arriendo_2014_2019,	Subsidio,Arriendo,2014-2019
Ñuble,	Diguillín,	Chillán,	110,	52,	16101,	Arriendo_2014_2019,	Subsidio,Arriendo,2014-2019
Ñuble,	Diguillín,	Bulnes,	111,	62,	16102,	Arriendo_2014_2019,	Subsidio,Arriendo,2014-2019
Ñuble,	Diguillín,	El,Carmen,	15,	7,	16104,	Arriendo_2014_2019,	Subsidio,Arriendo,2014-2019
Ñuble,	Diguillín,	Pemuco,	94,	54,	16105,	Arriendo_2014_2019,	Subsidio,Arriendo,2014-2019
Ñuble,	Diguillín,	Pinto,	86,	31,	16106,	Arriendo_2014_2019,	Subsidio,Arriendo,2014-2019
Ñuble,	Diguillín,	Quillón,	96,	49,	16107,	Arriendo_2014_2019,	Subsidio,Arriendo,2014-2019
Ñuble,	Diguillín,	San,Ignacio,	109,	74,	16108,	Arriendo_2014_2019,	Subsidio,Arriendo,2014-2019
Ñuble,	Diguillín,	Yungay,	4,	4,	16109,	Arriendo_2014_2019,	Subsidio,Arriendo,2014-2019
Ñuble,	Itata,	Quirihue,	26,	15,	16201,	Arriendo_2014_2019,	Subsidio,Arriendo,2014-2019
Ñuble,	Itata,	Cobquecura,	135,	66,	16202,	Arriendo_2014_2019,	Subsidio,Arriendo,2014-2019
Ñuble,	Itata,	Coelemu,	17,	9,	16203,	Arriendo_2014_2019,	Subsidio,Arriendo,2014-2019
Ñuble,	Itata,	Ninhue,	1136,	696,	16204,	Arriendo_2014_2019,	Subsidio,Arriendo,2014-2019
Ñuble,	Itata,	Portezuelo,	92,	50,	16205,	Arriendo_2014_2019,	Subsidio,Arriendo,2014-2019
Ñuble,	Itata,	Ranquil,	14,	4,	16206,	Arriendo_2014_2019,	Subsidio,Arriendo,2014-2019
Ñuble,	Itata,	Treguaco,	69,	40,	16207,	Arriendo_2014_2019,	Subsidio,Arriendo,2014-2019
Ñuble,	Punilla,	San,Carlos,	20,	11,	16301,	Arriendo_2014_2019,	Subsidio,Arriendo,2014-2019
Ñuble,	Punilla,	Coihueco,	133,	45,	16302,	Arriendo_2014_2019,	Subsidio,Arriendo,2014-2019
Ñuble,	Punilla,	Ñiquén,	14,	6,	16303,	Arriendo_2014_2019,	Subsidio,Arriendo,2014-2019
Ñuble,	Punilla,	San,Fabián,	7,	2,	16304,	Arriendo_2014_2019,	Subsidio,Arriendo,2014-2019
Ñuble,	Punilla,	San,Nicolás,	45,	25,	16305,	Arriendo_2014_2019,	Subsidio,Arriendo,2014-2019
Metropolitana,de,Santiago,	Chacabuco,	Tiltil,	12,	4,	13303,	Arriendo_2014_2019,	Subsidio,Arriendo,2014-2019
Metropolitana,de,Santiago,	Chacabuco,	Colina,	173,	58,	13301,	Arriendo_2014_2019,	Subsidio,Arriendo,2014-2019
Metropolitana,de,Santiago,	Chacabuco,	Lampa,	94,	22,	13302,	Arriendo_2014_2019,	Subsidio,Arriendo,2014-2019
Metropolitana,de,Santiago,	Santiago,	Quilicura,	272,	71,	13125,	Arriendo_2014_2019,	Subsidio,Arriendo,2014-2019
Metropolitana,de,Santiago,	Santiago,	Pudahuel,	458,	114,	13124,	Arriendo_2014_2019,	Subsidio,Arriendo,2014-2019
Metropolitana,de,Santiago,	Santiago,	Cerro,Navia,	239,	55,	13103,	Arriendo_2014_2019,	Subsidio,Arriendo,2014-2019
Metropolitana,de,Santiago,	Santiago,	Renca,	321,	81,	13128,	Arriendo_2014_2019,	Subsidio,Arriendo,2014-2019
Metropolitana,de,Santiago,	Santiago,	Quinta,Normal,	237,	34,	13126,	Arriendo_2014_2019,	Subsidio,Arriendo,2014-2019
Metropolitana,de,Santiago,	Santiago,	Huechuraba,	108,	25,	13107,	Arriendo_2014_2019,	Subsidio,Arriendo,2014-2019
Metropolitana,de,Santiago,	Santiago,	Conchalí,	223,	37,	13104,	Arriendo_2014_2019,	Subsidio,Arriendo,2014-2019
Metropolitana,de,Santiago,	Santiago,	Independencia,	202,	38,	13108,	Arriendo_2014_2019,	Subsidio,Arriendo,2014-2019
Metropolitana,de,Santiago,	Santiago,	Recoleta,	322,	48,	13127,	Arriendo_2014_2019,	Subsidio,Arriendo,2014-2019
Metropolitana,de,Santiago,	Santiago,	Vitacura,	5,	2,	13132,	Arriendo_2014_2019,	Subsidio,Arriendo,2014-2019
Metropolitana,de,Santiago,	Santiago,	Providencia,	13,	2,	13123,	Arriendo_2014_2019,	Subsidio,Arriendo,2014-2019
Metropolitana,de,Santiago,	Santiago,	Las,Condes,	56,	8,	13114,	Arriendo_2014_2019,	Subsidio,Arriendo,2014-2019
Metropolitana,de,Santiago,	Santiago,	Ñuñoa,	97,	23,	13120,	Arriendo_2014_2019,	Subsidio,Arriendo,2014-2019
Metropolitana,de,Santiago,	Santiago,	Santiago,	639,	113,	13101,	Arriendo_2014_2019,	Subsidio,Arriendo,2014-2019
Metropolitana,de,Santiago,	Santiago,	Lo,Prado,	238,	47,	13117,	Arriendo_2014_2019,	Subsidio,Arriendo,2014-2019
Metropolitana,de,Santiago,	Santiago,	Estación,Central,	248,	59,	13106,	Arriendo_2014_2019,	Subsidio,Arriendo,2014-2019
Metropolitana,de,Santiago,	Santiago,	Maipú,	801,	191,	13119,	Arriendo_2014_2019,	Subsidio,Arriendo,2014-2019
Metropolitana,de,Santiago,	Santiago,	Pedro,Aguirre,Cerda,	212,	41,	13121,	Arriendo_2014_2019,	Subsidio,Arriendo,2014-2019
Metropolitana,de,Santiago,	Santiago,	Cerrillos,	128,	31,	13102,	Arriendo_2014_2019,	Subsidio,Arriendo,2014-2019
Metropolitana,de,Santiago,	Santiago,	San,Miguel,	125,	33,	13130,	Arriendo_2014_2019,	Subsidio,Arriendo,2014-2019
Metropolitana,de,Santiago,	Santiago,	San,Joaquín,	167,	32,	13129,	Arriendo_2014_2019,	Subsidio,Arriendo,2014-2019
Metropolitana,de,Santiago,	Santiago,	Macul,	150,	26,	13118,	Arriendo_2014_2019,	Subsidio,Arriendo,2014-2019
Metropolitana,de,Santiago,	Santiago,	La,Reina,	61,	15,	13113,	Arriendo_2014_2019,	Subsidio,Arriendo,2014-2019
Metropolitana,de,Santiago,	Santiago,	Peñalolén,	358,	78,	13122,	Arriendo_2014_2019,	Subsidio,Arriendo,2014-2019
Metropolitana,de,Santiago,	Santiago,	Lo,Espejo,	185,	50,	13116,	Arriendo_2014_2019,	Subsidio,Arriendo,2014-2019
Metropolitana,de,Santiago,	Santiago,	La,Cisterna,	139,	31,	13109,	Arriendo_2014_2019,	Subsidio,Arriendo,2014-2019
Metropolitana,de,Santiago,	Santiago,	La,Granja,	254,	65,	13111,	Arriendo_2014_2019,	Subsidio,Arriendo,2014-2019
Metropolitana,de,Santiago,	Santiago,	San,Ramón,	170,	30,	13131,	Arriendo_2014_2019,	Subsidio,Arriendo,2014-2019
Metropolitana,de,Santiago,	Santiago,	La,Florida,	592,	138,	13110,	Arriendo_2014_2019,	Subsidio,Arriendo,2014-2019
Metropolitana,de,Santiago,	Santiago,	El,Bosque,	326,	72,	13105,	Arriendo_2014_2019,	Subsidio,Arriendo,2014-2019
Metropolitana,de,Santiago,	Santiago,	La,Pintana,	349,	88,	13112,	Arriendo_2014_2019,	Subsidio,Arriendo,2014-2019
Metropolitana,de,Santiago,	Maipo,	Calera,de,Tango,	37,	8,	13403,	Arriendo_2014_2019,	Subsidio,Arriendo,2014-2019
Metropolitana,de,Santiago,	Cordillera,	Puente,Alto,	1175,	331,	13201,	Arriendo_2014_2019,	Subsidio,Arriendo,2014-2019
Metropolitana,de,Santiago,	Talagante,	Talagante,	146,	36,	13601,	Arriendo_2014_2019,	Subsidio,Arriendo,2014-2019
Metropolitana,de,Santiago,	Maipo,	Buin,	148,	41,	13402,	Arriendo_2014_2019,	Subsidio,Arriendo,2014-2019
Metropolitana,de,Santiago,	Maipo,	San,Bernardo,	735,	190,	13401,	Arriendo_2014_2019,	Subsidio,Arriendo,2014-2019
Metropolitana,de,Santiago,	Talagante,	Padre,Hurtado,	84,	13,	13604,	Arriendo_2014_2019,	Subsidio,Arriendo,2014-2019
Metropolitana,de,Santiago,	Talagante,	Peñaflor,	157,	44,	13605,	Arriendo_2014_2019,	Subsidio,Arriendo,2014-2019
Metropolitana,de,Santiago,	Talagante,	El,Monte,	48,	14,	13602,	Arriendo_2014_2019,	Subsidio,Arriendo,2014-2019
Valparaíso,	Marga,Marga,	Limache,	137,	65,	05802,	Arriendo_2014_2019,	Subsidio,Arriendo,2014-2019
Valparaíso,	Valparaíso,	Viña,del,Mar,	894,	356,	05109,	Arriendo_2014_2019,	Subsidio,Arriendo,2014-2019
Valparaíso,	Valparaíso,	Concón,	88,	42,	05103,	Arriendo_2014_2019,	Subsidio,Arriendo,2014-2019
Valparaíso,	Marga,Marga,	Villa,Alemana,	372,	168,	05804,	Arriendo_2014_2019,	Subsidio,Arriendo,2014-2019
Valparaíso,	Quillota,	Quillota,	386,	210,	05501,	Arriendo_2014_2019,	Subsidio,Arriendo,2014-2019
Ñuble,	Diguillín,	Chillán,Viejo,	61,	33,	16103,	Arriendo_2014_2019,	Subsidio,Arriendo,2014-2019
Biobío,	Concepción,	Tomé,	6,	4,	08111,	Arriendo_2014_2019,	Subsidio,Arriendo,2014-2019
Biobío,	Concepción,	Penco,	43,	21,	08107,	Arriendo_2014_2019,	Subsidio,Arriendo,2014-2019
Biobío,	Concepción,	Concepción,	855,	504,	08101,	Arriendo_2014_2019,	Subsidio,Arriendo,2014-2019
Biobío,	Concepción,	Chiguayante,	127,	74,	08103,	Arriendo_2014_2019,	Subsidio,Arriendo,2014-2019
Biobío,	Concepción,	Hualpén,	59,	28,	08112,	Arriendo_2014_2019,	Subsidio,Arriendo,2014-2019
Biobío,	Concepción,	San,Pedro,de,la,Paz,	28,	18,	08108,	Arriendo_2014_2019,	Subsidio,Arriendo,2014-2019
Biobío,	Concepción,	Hualqui,	16,	8,	08105,	Arriendo_2014_2019,	Subsidio,Arriendo,2014-2019
Magallanes,y,de,la,Antártica,Chilena,	Magallanes,	Río,Verde,	0,	0,	12103,	Arriendo_2014_2019,	Subsidio,Arriendo,2014-2019